unified_id,dataset,NEff_d,NEff_m,chain1_file,chain2_file,len_chain1,len_chain2,aligned_length,rmsd,seq_id,tm_score_chain1_norm,residues_common,Maxsub,GDT_TS,GDT_TA,unified_dataset,unified_target
CAMEO:8JNT_A,CAMEO,0.246753,0.311688,/content/drive/MyDrive/DIAFOLD/benchmark/CAMEO/2024.06.08/8JNT_A/target.pdb,/content/drive/MyDrive/DIAFOLD/result/singleAlpha/CAMEO/2024-06-08_00000029_1_2024.06.08_8JNT_A_unrelaxed_rank_001_alphafold2_ptm_model_1_seed_000.pdb,77,77,63,2.26,0.937,0.63786,77,0.6323,0.6396,0.487,CAMEO,8JNT_A
CAMEO:8K75_A,CAMEO,0.134752,0.156028,/content/drive/MyDrive/DIAFOLD/benchmark/CAMEO/2024.07.27/8K75_A/target.pdb,/content/drive/MyDrive/DIAFOLD/result/singleAlpha/CAMEO/2024-07-27_00000025_1_2024.07.27_8K75_A_unrelaxed_rank_001_alphafold2_ptm_model_1_seed_000.pdb,124,141,64,5.13,0.203,0.27313,124,0.1027,0.1383,0.0816,CAMEO,8K75_A
CAMEO:8RCZ_B,CAMEO,0.201995,0.311721,/content/drive/MyDrive/DIAFOLD/benchmark/CAMEO/2024.12.14/8RCZ_B/target.pdb,/content/drive/MyDrive/DIAFOLD/result/singleAlpha/CAMEO/2024-12-14_00000221_1_2024.12.14_8RCZ_B_unrelaxed_rank_001_alphafold2_ptm_model_1_seed_000.pdb,388,401,163,5.61,0.055,0.29456,388,0.09,0.1284,0.0729,CAMEO,8RCZ_B
CAMEO:8VAD_B,CAMEO,0.117647,0.147059,/content/drive/MyDrive/DIAFOLD/benchmark/CAMEO/2024.12.21/8VAD_B/target.pdb,/content/drive/MyDrive/DIAFOLD/result/singleAlpha/CAMEO/2024-12-21_00000039_1_2024.12.21_8VAD_B_unrelaxed_rank_001_alphafold2_ptm_model_1_seed_000.pdb,34,34,25,2.34,0.52,0.4286,34,0.3848,0.4779,0.3456,CAMEO,8VAD_B
CAMEO:8VM1_A,CAMEO,0.645833,0.90625,/content/drive/MyDrive/DIAFOLD/benchmark/CAMEO/2024.08.31/8VM1_A/target.pdb,/content/drive/MyDrive/DIAFOLD/result/singleAlpha/CAMEO/2024-08-31_00000163_1_2024.08.31_8VM1_A_unrelaxed_rank_001_alphafold2_ptm_model_1_seed_000.pdb,185,192,103,5.64,0.563,0.31017,185,0.1246,0.2096,0.1146,CAMEO,8VM1_A
CAMEO:8X6E_A,CAMEO,0.229032,0.377419,/content/drive/MyDrive/DIAFOLD/benchmark/CAMEO/2024.11.23/8X6E_A/target.pdb,/content/drive/MyDrive/DIAFOLD/result/singleAlpha/CAMEO/2024-11-23_00000189_1_2024.11.23_8X6E_A_unrelaxed_rank_001_alphafold2_ptm_model_1_seed_000.pdb,289,310,145,5.78,0.421,0.31765,289,0.1036,0.1347,0.0919,CAMEO,8X6E_A
CAMEO:8XPI_A,CAMEO,0.11215,0.11215,/content/drive/MyDrive/DIAFOLD/benchmark/CAMEO/2025.01.11/8XPI_A/target.pdb,/content/drive/MyDrive/DIAFOLD/result/singleAlpha/CAMEO/2025-01-11_00000127_1_2025.01.11_8XPI_A_unrelaxed_rank_001_alphafold2_ptm_model_1_seed_000.pdb,90,107,73,3.78,0.562,0.48246,90,0.327,0.3972,0.2664,CAMEO,8XPI_A
CAMEO:8XVR_C,CAMEO,0.173469,0.826531,/content/drive/MyDrive/DIAFOLD/benchmark/CAMEO/2025.01.18/8XVR_C/target.pdb,/content/drive/MyDrive/DIAFOLD/result/singleAlpha/CAMEO/2025-01-18_00000056_1_2025.01.18_8XVR_C_unrelaxed_rank_001_alphafold2_ptm_model_1_seed_000.pdb,525,588,225,5.82,0.711,0.32729,525,0.1609,0.1815,0.1216,CAMEO,8XVR_C
CAMEO:8YJO_A,CAMEO,0.792574,0.851472,/content/drive/MyDrive/DIAFOLD/benchmark/CAMEO/2024.09.28/8YJO_A/target.pdb,/content/drive/MyDrive/DIAFOLD/result/singleAlpha/CAMEO/2024-09-28_00000167_1_2024.09.28_8YJO_A_unrelaxed_rank_001_alphafold2_ptm_model_1_seed_000.pdb,764,781,391,8.17,0.379,0.33701,764,0.1223,0.1498,0.1044,CAMEO,8YJO_A
CAMEO:9ARC_A,CAMEO,0.260504,0.409664,/content/drive/MyDrive/DIAFOLD/benchmark/CAMEO/2024.11.23/9ARC_A/target.pdb,/content/drive/MyDrive/DIAFOLD/result/singleAlpha/CAMEO/2024-11-23_00000229_1_2024.11.23_9ARC_A_unrelaxed_rank_001_alphafold2_ptm_model_1_seed_000.pdb,431,476,171,5.37,0.596,0.30698,431,0.1703,0.1833,0.1429,CAMEO,9ARC_A
CAMEO:9F9U_A,CAMEO,0.288235,0.3,/content/drive/MyDrive/DIAFOLD/benchmark/CAMEO/2024.09.28/9F9U_A/target.pdb,/content/drive/MyDrive/DIAFOLD/result/singleAlpha/CAMEO/2024-09-28_00000244_1_2024.09.28_9F9U_A_unrelaxed_rank_001_alphafold2_ptm_model_1_seed_000.pdb,170,170,96,5.23,0.448,0.32507,170,0.1393,0.2397,0.1471,CAMEO,9F9U_A
CAMEO:9F9V_B,CAMEO,0.297587,0.895442,/content/drive/MyDrive/DIAFOLD/benchmark/CAMEO/2025.01.04/9F9V_B/target.pdb,/content/drive/MyDrive/DIAFOLD/result/singleAlpha/CAMEO/2025-01-04_00000101_1_2025.01.04_9F9V_B_unrelaxed_rank_001_alphafold2_ptm_model_1_seed_000.pdb,361,373,163,6.84,0.239,0.27511,361,0.0847,0.1126,0.0757,CAMEO,9F9V_B
CAMEO:9GR8_A,CAMEO,0.412463,0.403561,/content/drive/MyDrive/DIAFOLD/benchmark/CAMEO/2025.02.22/9GR8_A/target.pdb,/content/drive/MyDrive/DIAFOLD/result/singleAlpha/CAMEO/2025-02-22_00000413_1_2025.02.22_9GR8_A_unrelaxed_rank_001_alphafold2_ptm_model_1_seed_000.pdb,337,337,150,6.9,0.3,0.25636,337,0.071,0.1113,0.0712,CAMEO,9GR8_A
CAMEO:9H2D_A,CAMEO,0.511029,0.496324,/content/drive/MyDrive/DIAFOLD/benchmark/CAMEO/2024.11.30/9H2D_A/target.pdb,/content/drive/MyDrive/DIAFOLD/result/singleAlpha/CAMEO/2024-11-30_00000264_1_2024.11.30_9H2D_A_unrelaxed_rank_001_alphafold2_ptm_model_1_seed_000.pdb,270,272,169,6.01,0.083,0.36951,270,0.1128,0.1517,0.0993,CAMEO,9H2D_A
CAMEO:9I2L_A,CAMEO,0.521311,0.770492,/content/drive/MyDrive/DIAFOLD/benchmark/CAMEO/2025.03.03/9I2L_A/target.pdb,/content/drive/MyDrive/DIAFOLD/result/singleAlpha/CAMEO/2025-03-03_00000286_1_2025.03.03_9I2L_A_unrelaxed_rank_001_alphafold2_ptm_model_1_seed_000.pdb,260,305,179,5.44,0.581,0.46456,260,0.1996,0.2508,0.1631,CAMEO,9I2L_A
CAMEO:9ISP_A,CAMEO,0.163636,0.568182,/content/drive/MyDrive/DIAFOLD/benchmark/CAMEO/2024.10.05/9ISP_A/target.pdb,/content/drive/MyDrive/DIAFOLD/result/singleAlpha/CAMEO/2024-10-05_00000251_1_2024.10.05_9ISP_A_unrelaxed_rank_001_alphafold2_ptm_model_1_seed_000.pdb,156,220,107,4.65,0.383,0.42574,156,0.0989,0.1682,0.0864,CAMEO,9ISP_A
CAMEO:9JOM_A,CAMEO,0.27665,0.890863,/content/drive/MyDrive/DIAFOLD/benchmark/CAMEO/2024.11.23/9JOM_A/target.pdb,/content/drive/MyDrive/DIAFOLD/result/singleAlpha/CAMEO/2024-11-23_00000361_1_2024.11.23_9JOM_A_unrelaxed_rank_001_alphafold2_ptm_model_1_seed_000.pdb,354,394,206,6.09,0.558,0.38571,354,0.1659,0.2081,0.1396,CAMEO,9JOM_A
CASP:T1029,CASP,0.168,0.28,/content/drive/MyDrive/DIAFOLD/benchmark/CASP/T1029.pdb,/content/drive/MyDrive/DIAFOLD/result/singleAlpha/CASP/T1029_unrelaxed_rank_001_alphafold2_ptm_model_1_seed_000.pdb,125,125,115,3.94,0.461,0.57881,125,0.291,0.484,0.264,CASP,T1029
CASP:T1041,CASP,0.119835,0.165289,/content/drive/MyDrive/DIAFOLD/benchmark/CASP/T1041.pdb,/content/drive/MyDrive/DIAFOLD/result/singleAlpha/CASP/T1041_unrelaxed_rank_001_alphafold2_ptm_model_1_seed_000.pdb,242,242,131,5.98,0.267,0.3115,242,0.1382,0.1694,0.1188,CASP,T1041
CASP:T1046s1,CASP,0.216216,0.243243,/content/drive/MyDrive/DIAFOLD/benchmark/CASP/T1046s1.pdb,/content/drive/MyDrive/DIAFOLD/result/singleAlpha/CASP/T1046s1_unrelaxed_rank_001_alphafold2_ptm_model_1_seed_000.pdb,72,74,69,2.43,0.899,0.78287,72,0.7296,0.7872,0.6655,CASP,T1046s1
CASP:T1049,CASP,0.312057,0.510638,/content/drive/MyDrive/DIAFOLD/benchmark/CASP/T1049.pdb,/content/drive/MyDrive/DIAFOLD/result/singleAlpha/CASP/T1049_unrelaxed_rank_001_alphafold2_ptm_model_1_seed_000.pdb,134,141,71,4.79,0.465,0.30977,134,0.1455,0.1897,0.133,CASP,T1049
CASP:T1090,CASP,0.414508,0.663212,/content/drive/MyDrive/DIAFOLD/benchmark/CASP/T1090.pdb,/content/drive/MyDrive/DIAFOLD/result/singleAlpha/CASP/T1090_unrelaxed_rank_001_alphafold2_ptm_model_1_seed_000.pdb,189,193,93,5.21,0.247,0.29622,189,0.1101,0.1749,0.1049,CASP,T1090
CASP:T1145,CASP,0.132283,0.95748,/content/drive/MyDrive/DIAFOLD/benchmark/CASP/T1145-D2.pdb,/content/drive/MyDrive/DIAFOLD/result/singleAlpha/CASP/T1145_unrelaxed_rank_001_alphafold2_ptm_model_1_seed_000.pdb,529,635,195,8.11,0.087,0.21218,529,0.0394,0.0539,0.0331,CASP-domain,T1145-D2
CASP:T1145,CASP,0.132283,0.95748,/content/drive/MyDrive/DIAFOLD/benchmark/CASP/T1145-D1.pdb,/content/drive/MyDrive/DIAFOLD/result/singleAlpha/CASP/T1145_unrelaxed_rank_001_alphafold2_ptm_model_1_seed_000.pdb,99,635,80,3.55,0.675,0.54809,99,0.0635,0.078,0.0504,CASP-domain,T1145-D1
CASP:T1150,CASP,0.716216,0.9,/content/drive/MyDrive/DIAFOLD/benchmark/CASP/T1150-D1.pdb,/content/drive/MyDrive/DIAFOLD/result/singleAlpha/CASP/T1150_unrelaxed_rank_001_alphafold2_ptm_model_1_seed_000.pdb,349,370,134,6.3,0.067,0.24203,349,0.0847,0.1074,0.0764,CASP-domain,T1150-D1
PDB:7QZK,PDB,0.542986,0.760181,/content/drive/MyDrive/DIAFOLD/benchmark/PDB_final/7qzk.cif,/content/drive/MyDrive/DIAFOLD/result/singleAlpha/PDB/7QZK_1_Chain_A_2__3_-cyclic-nucleotide_3_-phosphodiesterase_Mus_musculus__10090__unrelaxed_rank_001_alphafold2_ptm_model_1_seed_000.pdb,213,221,103,5.28,0.058,0.29176,213,0.1015,0.1391,0.0973,PDB,7QZK
PDB:7TLW,PDB,0.828571,0.928571,/content/drive/MyDrive/DIAFOLD/benchmark/PDB_final/7tlw.cif,/content/drive/MyDrive/DIAFOLD/result/singleAlpha/PDB/7TLW_1_Chain_A_Meteorin-like_protein_Mus_musculus__10090__unrelaxed_rank_001_alphafold2_ptm_model_1_seed_000.pdb,124,140,77,5.22,0.442,0.3278,124,0.158,0.2375,0.1464,PDB,7TLW
PDB:7UW8,PDB,0.758755,0.85214,/content/drive/MyDrive/DIAFOLD/benchmark/PDB_final/7uw8.cif,/content/drive/MyDrive/DIAFOLD/result/singleAlpha/PDB/7UW8_1_Chain_A_Histone-lysine_N-methyltransferase_eggless_Drosophila_melanogaster__7227__unrelaxed_rank_001_alphafold2_ptm_model_1_seed_000.pdb,221,257,101,5.63,0.218,0.26615,221,0.0638,0.0914,0.0516,PDB,7UW8
PDB:7WNS,PDB,0.146396,0.18018,/content/drive/MyDrive/DIAFOLD/benchmark/PDB_final/7wns.cif,/content/drive/MyDrive/DIAFOLD/result/singleAlpha/PDB/7WNS_1_Chain_A_30K_protein_12_Bombyx_mori__7091__unrelaxed_rank_001_alphafold2_ptm_model_1_seed_000.pdb,424,444,236,7.09,0.072,0.33592,424,0.1232,0.1498,0.0907,PDB,7WNS
PDB:7WR2,PDB,0.10559,0.118012,/content/drive/MyDrive/DIAFOLD/benchmark/PDB_final/7wr2.cif,/content/drive/MyDrive/DIAFOLD/result/singleAlpha/PDB/7WR2_1_Chain_A_OspC3_Shigella_flexneri__623__unrelaxed_rank_001_alphafold2_ptm_model_1_seed_000.pdb,136,161,99,4.59,0.525,0.43687,136,0.2408,0.295,0.1957,PDB,7WR2
PDB:7XH0,PDB,0.103896,0.730519,/content/drive/MyDrive/DIAFOLD/benchmark/PDB_final/7xh0.cif,/content/drive/MyDrive/DIAFOLD/result/singleAlpha/PDB/7XH0_1_Chain_A_Chitosanase_Paenibacillus_dendritiformis__130049__unrelaxed_rank_001_alphafold2_ptm_model_1_seed_000.pdb,258,308,114,5.09,0.228,0.29944,258,0.0834,0.1071,0.0714,PDB,7XH0
PDB:7XRJ,PDB,0.44868,0.524927,/content/drive/MyDrive/DIAFOLD/benchmark/PDB_final/7xrj.cif,/content/drive/MyDrive/DIAFOLD/result/singleAlpha/PDB/7XRJ_1_Chain_A_Putative_NAD-dependent_epimerase_dehydratase_family_protein_Tritonibacter_scottomollicae__483013__unrelaxed_rank_001_alphafold2_ptm_model_1_seed_000.pdb,331,341,190,5.86,0.547,0.38723,331,0.1889,0.206,0.1503,PDB,7XRJ
PDB:7XZ8,PDB,0.192225,0.203024,/content/drive/MyDrive/DIAFOLD/benchmark/PDB_final/7xz8.cif,/content/drive/MyDrive/DIAFOLD/result/singleAlpha/PDB/7XZ8_1_Chain_A_Fucoidan_lyase_Flavobacteriaceae_bacterium_SA-0082__155909__unrelaxed_rank_001_alphafold2_ptm_model_1_seed_000.pdb,443,463,230,6.44,0.226,0.34247,443,0.0667,0.0869,0.0459,PDB,7XZ8
PDB:7Y7N,PDB,0.649635,0.773723,/content/drive/MyDrive/DIAFOLD/benchmark/PDB_final/7y7n.cif,/content/drive/MyDrive/DIAFOLD/result/singleAlpha/PDB/7Y7N_1_Chain_A_Uncharacterized_protein_Methanobrevibacter_ruminantium__634498__unrelaxed_rank_001_alphafold2_ptm_model_1_seed_000.pdb,137,137,80,4.35,0.688,0.37085,137,0.1999,0.2628,0.1588,PDB,7Y7N
PDB:7YIB,PDB,0.226,0.656,/content/drive/MyDrive/DIAFOLD/benchmark/PDB_final/7yib.cif,/content/drive/MyDrive/DIAFOLD/result/singleAlpha/PDB/7YIB_1_Chain_A_CD-NTase-associated_protein_4_Enterobacter_cloacae__550__unrelaxed_rank_001_alphafold2_ptm_model_1_seed_000.pdb,490,500,183,6.16,0.519,0.25669,490,0.0753,0.103,0.063,PDB,7YIB
PDB:7Z3S,PDB,0.305369,0.479866,/content/drive/MyDrive/DIAFOLD/benchmark/PDB_final/7z3s.cif,/content/drive/MyDrive/DIAFOLD/result/singleAlpha/PDB/7Z3S_1_Chain_A_Acetaldehyde_dehydrogenase_Geobacillus_stearothermophilus__1422__unrelaxed_rank_001_alphafold2_ptm_model_1_seed_000.pdb,292,298,176,7.04,0.318,0.32431,292,0.1164,0.1586,0.0973,PDB,7Z3S
PDB:7ZU3,PDB,0.280303,0.712121,/content/drive/MyDrive/DIAFOLD/benchmark/PDB_final/7zu3.cif,/content/drive/MyDrive/DIAFOLD/result/singleAlpha/PDB/7ZU3_1_Chain_A_Protein_2A_Human_parechovirus_1__12063__unrelaxed_rank_001_alphafold2_ptm_model_1_seed_000.pdb,123,132,91,4.29,0.418,0.45341,123,0.2315,0.322,0.2045,PDB,7ZU3
PDB:8ARL,PDB,0.386179,0.5,/content/drive/MyDrive/DIAFOLD/benchmark/PDB_final/8arl.cif,/content/drive/MyDrive/DIAFOLD/result/singleAlpha/PDB/8ARL_1_Chain_A_Tryptophan-rich_antigen_Plasmodium_vivax__5855__unrelaxed_rank_001_alphafold2_ptm_model_1_seed_000.pdb,232,246,120,4.94,0.092,0.3583,232,0.1661,0.2043,0.1474,PDB,8ARL
PDB:8BAT,PDB,0.488189,0.523622,/content/drive/MyDrive/DIAFOLD/benchmark/PDB_final/8bat.cif,/content/drive/MyDrive/DIAFOLD/result/singleAlpha/PDB/8BAT_1_Chain_A_Geobacter_lovleyi_NADAR_Trichlorobacter_lovleyi__313985__unrelaxed_rank_001_alphafold2_ptm_model_1_seed_000.pdb,219,254,105,6.17,0.067,0.26372,219,0.0712,0.1053,0.0679,PDB,8BAT
PDB:8DDP,PDB,0.426523,0.494624,/content/drive/MyDrive/DIAFOLD/benchmark/PDB_final/8ddp.cif,/content/drive/MyDrive/DIAFOLD/result/singleAlpha/PDB/8DDP_1_Chain_A_SAG-related_sequence_SRS57_Toxoplasma_gondii__strain_ATCC_50611_Me49___508771__unrelaxed_rank_001_alphafold2_ptm_model_1_seed_000.pdb,277,279,154,6.6,0.097,0.30626,277,0.085,0.129,0.0681,PDB,8DDP
PDB:8DPV,PDB,0.112426,0.325444,/content/drive/MyDrive/DIAFOLD/benchmark/PDB_final/8dpv.cif,/content/drive/MyDrive/DIAFOLD/result/singleAlpha/PDB/8DPV_1_Chain_A_Interleukin-11_Homo_sapiens__9606__unrelaxed_rank_001_alphafold2_ptm_model_1_seed_000.pdb,169,169,159,2.71,0.736,0.78902,169,0.5513,0.6302,0.4364,PDB,8DPV
PDB:8HBS,PDB,0.667482,0.701711,/content/drive/MyDrive/DIAFOLD/benchmark/PDB_final/8hbs.cif,/content/drive/MyDrive/DIAFOLD/result/singleAlpha/PDB/8HBS_1_Chain_A_Glycylpeptide_N-tetradecanoyltransferase_Aspergillus_flavus__strain_ATCC_200026_FGSC_A1120_IAM_13836_NRRL_3357_JCM_12722_SRRC_167___332_unrelaxed_rank_001_alphafold2_ptm_model_1_seed_000.pdb,393,409,166,7.38,0.054,0.24508,393,0.0773,0.0972,0.0611,PDB,8HBS
PDB:8HOE,PDB,0.153439,0.624339,/content/drive/MyDrive/DIAFOLD/benchmark/PDB_final/8hoe.cif,/content/drive/MyDrive/DIAFOLD/result/singleAlpha/PDB/8HOE_1_Chain_A_Type_III_effector_HopBF1_Ewingella_americana__41202__unrelaxed_rank_001_alphafold2_ptm_model_1_seed_000.pdb,175,189,88,4.76,0.477,0.31213,175,0.1516,0.1984,0.1455,PDB,8HOE
PDB:8IU8,PDB,0.357639,0.418403,/content/drive/MyDrive/DIAFOLD/benchmark/PDB_final/8iu8.cif,/content/drive/MyDrive/DIAFOLD/result/singleAlpha/PDB/8IU8_1_Chain_A_Candidate_dextranase_Glycoside_hydrolase_family_66_Flavobacterium_johnsoniae_UW101__376686__unrelaxed_rank_001_alphafold2_ptm_model_1_seed_000.pdb,546,576,267,8.4,0.079,0.27348,546,0.0502,0.0751,0.0477,PDB,8IU8
PDB:8J1W,PDB,0.154206,0.429907,/content/drive/MyDrive/DIAFOLD/benchmark/PDB_final/8j1w.cif,/content/drive/MyDrive/DIAFOLD/result/singleAlpha/PDB/8J1W_1_Chain_A_near-infrared_fluorescent_protein_synthetic_construct__32630__unrelaxed_rank_001_alphafold2_ptm_model_1_seed_000.pdb,175,214,174,3.06,0.77,0.78471,175,0.4893,0.5561,0.3937,PDB,8J1W
PDB:8K0J,PDB,0.421569,0.45098,/content/drive/MyDrive/DIAFOLD/benchmark/PDB_final/8k0j.cif,/content/drive/MyDrive/DIAFOLD/result/singleAlpha/PDB/8K0J_1_Chain_A_Csy3_Vibrio_phage_ICP1_2011_A__1296592__unrelaxed_rank_001_alphafold2_ptm_model_1_seed_000.pdb,299,306,120,6.55,0.075,0.22833,299,0.0802,0.1078,0.0703,PDB,8K0J
PDB:8K4I,PDB,0.656442,0.668712,/content/drive/MyDrive/DIAFOLD/benchmark/PDB_final/8k4i.cif,/content/drive/MyDrive/DIAFOLD/result/singleAlpha/PDB/8K4I_1_Chain_A_YajQ_Salmonella_enterica_subsp._enterica_serovar_Typhimurium_str._14028S__588858__unrelaxed_rank_001_alphafold2_ptm_model_1_seed_000.pdb,163,163,99,2.84,0.778,0.50258,163,0.4196,0.4433,0.3206,PDB,8K4I
PDB:8K75,PDB,0.134752,0.156028,/content/drive/MyDrive/DIAFOLD/benchmark/PDB_final/8k75.cif,/content/drive/MyDrive/DIAFOLD/result/singleAlpha/PDB/8K75_1_Chain_A_Nucleoprotein_Feline_coronavirus__strain_FIPV_WSU-79_1146___33734__unrelaxed_rank_001_alphafold2_ptm_model_1_seed_000.pdb,124,141,61,5.18,0.18,0.25218,124,0.0978,0.1401,0.0798,PDB,8K75
PDB:8POF,PDB,0.850467,0.993769,/content/drive/MyDrive/DIAFOLD/benchmark/PDB_final/8pof.cif,/content/drive/MyDrive/DIAFOLD/result/singleAlpha/PDB/8POF_1_Chain_A_Putative_glycosyl_hydrolase_family7_Reticulitermes_speratus_gut_symbiotic_protist__333971__unrelaxed_rank_001_alphafold2_ptm_model_1_seed_000.pdb,321,321,131,7.28,0.084,0.22307,321,0.0759,0.1036,0.0623,PDB,8POF
PDB:8QZG,PDB,0.146341,0.14939,/content/drive/MyDrive/DIAFOLD/benchmark/PDB_final/8qzg.cif,/content/drive/MyDrive/DIAFOLD/result/singleAlpha/PDB/8QZG_1_Chain_A_auth_1__YkuD_domain-containing_protein_Gluconobacter_oxydans__442__unrelaxed_rank_001_alphafold2_ptm_model_1_seed_000.pdb,263,328,121,6.53,0.074,0.2555,263,0.079,0.1037,0.0694,PDB,8QZG
PDB:8RDD,PDB,0.194118,0.488235,/content/drive/MyDrive/DIAFOLD/benchmark/PDB_final/8rdd.cif,/content/drive/MyDrive/DIAFOLD/result/singleAlpha/PDB/8RDD_1_Chain_A_auth_B__Nonsense-mediated_decay_protein_4_Saccharomyces_cerevisiae_S288C__559292__unrelaxed_rank_001_alphafold2_ptm_model_1_seed_000.pdb,163,170,77,5.44,0.117,0.26587,163,0.1385,0.1632,0.1221,PDB,8RDD
PDB:8RZF,PDB,0.145933,0.626794,/content/drive/MyDrive/DIAFOLD/benchmark/PDB_final/8rzf.cif,/content/drive/MyDrive/DIAFOLD/result/singleAlpha/PDB/8RZF_1_Chain_A_Probable_ribonuclease_FAU-1_Sulfolobus_acidocaldarius__2285__unrelaxed_rank_001_alphafold2_ptm_model_1_seed_000.pdb,415,418,164,7.17,0.055,0.23575,415,0.0757,0.0951,0.0646,PDB,8RZF
PDB:8T7K,PDB,0.333333,0.519231,/content/drive/MyDrive/DIAFOLD/benchmark/PDB_final/8t7k.cif,/content/drive/MyDrive/DIAFOLD/result/singleAlpha/PDB/8T7K_1_Chain_A_Pathogen-specific_surface_antigen__putative_Treponema_denticola_ATCC_35405__243275__unrelaxed_rank_001_alphafold2_ptm_model_1_seed_000.pdb,156,156,83,4.58,0.048,0.32495,156,0.142,0.1763,0.1218,PDB,8T7K
PDB:8T7W,PDB,0.651466,0.644951,/content/drive/MyDrive/DIAFOLD/benchmark/PDB_final/8t7w.cif,/content/drive/MyDrive/DIAFOLD/result/singleAlpha/PDB/8T7W_1_Chain_A_Oxygen-dependent_coproporphyrinogen-III_oxidase_Klebsiella_aerogenes_KCTC_2190__1028307__unrelaxed_rank_001_alphafold2_ptm_model_1_seed_000.pdb,293,307,124,6.92,0.137,0.23687,293,0.0777,0.1107,0.079,PDB,8T7W
PDB:8T8L,PDB,0.271739,0.418478,/content/drive/MyDrive/DIAFOLD/benchmark/PDB_final/8t8l.cif,/content/drive/MyDrive/DIAFOLD/result/singleAlpha/PDB/8T8L_1_Chain_A_DUF507_family_protein_Aquifex_aeolicus__63363__unrelaxed_rank_001_alphafold2_ptm_model_1_seed_000.pdb,183,184,128,3.46,0.562,0.5464,183,0.2791,0.3342,0.2418,PDB,8T8L
PDB:8U24,PDB,0.21267,0.199095,/content/drive/MyDrive/DIAFOLD/benchmark/PDB_final/8u24.cif,/content/drive/MyDrive/DIAFOLD/result/singleAlpha/PDB/8U24_1_Chain_A_Green_Fluorescent_Protein_Variant__9__ccGFP_9_Corynactis_californica__44298__unrelaxed_rank_001_alphafold2_ptm_model_1_seed_000.pdb,211,221,122,5.87,0.041,0.33138,211,0.1377,0.1844,0.1097,PDB,8U24
PDB:8WAC,PDB,0.125984,0.448819,/content/drive/MyDrive/DIAFOLD/benchmark/PDB_final/8wac.cif,/content/drive/MyDrive/DIAFOLD/result/singleAlpha/PDB/8WAC_1_Chain_A_Agarase_Wenyingzhuangia_fucanilytica__1790137__unrelaxed_rank_001_alphafold2_ptm_model_1_seed_000.pdb,119,127,93,4.37,0.839,0.4641,119,0.2971,0.3878,0.2224,PDB,8WAC
PDB:8WC1,PDB,0.247191,0.533708,/content/drive/MyDrive/DIAFOLD/benchmark/PDB_final/8wc1.cif,/content/drive/MyDrive/DIAFOLD/result/singleAlpha/PDB/8WC1_1_Chain_A_Pectate_lyase_family_9_Monoglobus_pectinilyticus__1981510__unrelaxed_rank_001_alphafold2_ptm_model_1_seed_000.pdb,151,178,110,2.73,0.682,0.61005,151,0.3975,0.4438,0.323,PDB,8WC1
PDB:8WIM,PDB,0.101613,0.643548,/content/drive/MyDrive/DIAFOLD/benchmark/PDB_final/8wim.cif,/content/drive/MyDrive/DIAFOLD/result/singleAlpha/PDB/8WIM_1_Chain_A_Jingmen_tick_virus_NSP1_Jingmen_tick_virus__1172985__unrelaxed_rank_001_alphafold2_ptm_model_1_seed_000.pdb,571,620,249,7.61,0.064,0.27279,571,0.0552,0.0718,0.0488,PDB,8WIM
PDB:8WKE,PDB,0.150442,0.132743,/content/drive/MyDrive/DIAFOLD/benchmark/PDB_final/8wke.cif,/content/drive/MyDrive/DIAFOLD/result/singleAlpha/PDB/8WKE_1_Chain_A_Non-structural_protein_9_Severe_acute_respiratory_syndrome_coronavirus_2__2697049__unrelaxed_rank_001_alphafold2_ptm_model_1_seed_000.pdb,104,113,54,4.81,0.037,0.27334,104,0.1655,0.208,0.1394,PDB,8WKE
PDB:8X6E,PDB,0.229032,0.377419,/content/drive/MyDrive/DIAFOLD/benchmark/PDB_final/8x6e.cif,/content/drive/MyDrive/DIAFOLD/result/singleAlpha/PDB/8X6E_1_Chain_A_Protein_TBF1_Saccharomyces_cerevisiae_S288C__559292__unrelaxed_rank_001_alphafold2_ptm_model_1_seed_000.pdb,289,310,145,5.89,0.407,0.31506,289,0.1047,0.1355,0.0919,PDB,8X6E
PDB:8XPI,PDB,0.11215,0.11215,/content/drive/MyDrive/DIAFOLD/benchmark/PDB_final/8xpi.cif,/content/drive/MyDrive/DIAFOLD/result/singleAlpha/PDB/8XPI_1_Chain_A_ORF1ab_polyprotein_Porcine_epidemic_diarrhea_virus__28295__unrelaxed_rank_001_alphafold2_ptm_model_1_seed_000.pdb,90,107,72,3.5,0.542,0.50727,90,0.3428,0.4112,0.278,PDB,8XPI
PDB:8Y7V,PDB,0.779279,0.986486,/content/drive/MyDrive/DIAFOLD/benchmark/PDB_final/8y7v.cif,/content/drive/MyDrive/DIAFOLD/result/singleAlpha/PDB/8Y7V_1_Chain_A_Alpha-globin_transcription_factor_CP2_Homo_sapiens__9606__unrelaxed_rank_001_alphafold2_ptm_model_1_seed_000.pdb,206,222,106,5.65,0.057,0.30147,206,0.0991,0.143,0.0946,PDB,8Y7V
PDB:8YZ3,PDB,0.134,0.156,/content/drive/MyDrive/DIAFOLD/benchmark/PDB_final/8yz3.cif,/content/drive/MyDrive/DIAFOLD/result/singleAlpha/PDB/8YZ3_1_Chain_A_DUF2875_domain-containing_protein_Pseudomonas_aeruginosa_UCBPP-PA14__208963__unrelaxed_rank_001_alphafold2_ptm_model_1_seed_000.pdb,431,500,172,7.46,0.081,0.23634,431,0.0666,0.087,0.054,PDB,8YZ3
PDB:8Z3I,PDB,0.326923,0.807692,/content/drive/MyDrive/DIAFOLD/benchmark/PDB_final/8z3i.cif,/content/drive/MyDrive/DIAFOLD/result/singleAlpha/PDB/8Z3I_1_Chain_A_Protein_glutaminase_domain-containing_protein_Flavobacterium_sp._316__1603293__unrelaxed_rank_001_alphafold2_ptm_model_1_seed_000.pdb,270,312,127,5.77,0.228,0.29232,270,0.0659,0.1002,0.0601,PDB,8Z3I
PDB:9C25,PDB,0.195219,0.199203,/content/drive/MyDrive/DIAFOLD/benchmark/PDB_final/9c25.cif,/content/drive/MyDrive/DIAFOLD/result/singleAlpha/PDB/9C25_1_Chain_A_Cyan_thermostable_protein_1.0_synthetic_construct__32630__unrelaxed_rank_001_alphafold2_ptm_model_1_seed_000.pdb,214,251,121,5.6,0.099,0.31998,214,0.0684,0.1016,0.0608,PDB,9C25
PDB:9C4W,PDB,0.134969,0.145194,/content/drive/MyDrive/DIAFOLD/benchmark/PDB_final/9c4w.cif,/content/drive/MyDrive/DIAFOLD/result/singleAlpha/PDB/9C4W_1_Chain_A_Menin_Homo_sapiens__9606__unrelaxed_rank_001_alphafold2_ptm_model_1_seed_000.pdb,466,489,322,5.24,0.609,0.52034,466,0.1741,0.2357,0.1411,PDB,9C4W
PDB:9E32,PDB,0.287781,0.300643,/content/drive/MyDrive/DIAFOLD/benchmark/PDB_final/9e32.cif,/content/drive/MyDrive/DIAFOLD/result/singleAlpha/PDB/9E32_1_Chain_A_Phosphoenolpyruvate_carboxykinase__GTP__Polaromonas_naphthalenivorans__216465__unrelaxed_rank_001_alphafold2_ptm_model_1_seed_000.pdb,605,622,249,7.44,0.048,0.26343,605,0.0432,0.0663,0.0398,PDB,9E32
PDB:9EE7,PDB,0.101538,0.172308,/content/drive/MyDrive/DIAFOLD/benchmark/PDB_final/9ee7.cif,/content/drive/MyDrive/DIAFOLD/result/singleAlpha/PDB/9EE7_1_Chain_A_DNA_repair_protein_XRS2_Saccharomyces_cerevisiae__4932__unrelaxed_rank_001_alphafold2_ptm_model_1_seed_000.pdb,300,325,132,6.77,0.083,0.2442,300,0.0829,0.1038,0.0685,PDB,9EE7
PDB:9EPT,PDB,0.226087,0.234783,/content/drive/MyDrive/DIAFOLD/benchmark/PDB_final/9ept.cif,/content/drive/MyDrive/DIAFOLD/result/singleAlpha/PDB/9EPT_1_Chain_A_Protein_PLASTID_REDOX_INSENSITIVE_2__chloroplastic_Arabidopsis_thaliana__3702__unrelaxed_rank_001_alphafold2_ptm_model_1_seed_000.pdb,115,115,74,3.34,0.095,0.43456,115,0.2396,0.3652,0.2478,PDB,9EPT
PDB:9F9U,PDB,0.288235,0.3,/content/drive/MyDrive/DIAFOLD/benchmark/PDB_final/9f9u.cif,/content/drive/MyDrive/DIAFOLD/result/singleAlpha/PDB/9F9U_1_Chain_A_Transcription_elongation_factor_NusA_Saccharolobus_solfataricus_P2__273057__unrelaxed_rank_001_alphafold2_ptm_model_1_seed_000.pdb,170,170,98,5.38,0.439,0.32754,170,0.1404,0.2426,0.15,PDB,9F9U
PDB:9FEM,PDB,0.14876,0.210744,/content/drive/MyDrive/DIAFOLD/benchmark/PDB_final/9fem.cif,/content/drive/MyDrive/DIAFOLD/result/singleAlpha/PDB/9FEM_1_Chain_A_mNeonGreen_Branchiostoma_lanceolatum__7740__unrelaxed_rank_001_alphafold2_ptm_model_1_seed_000.pdb,214,242,125,5.28,0.576,0.37558,214,0.1618,0.218,0.1353,PDB,9FEM
PDB:9FEQ,PDB,0.13834,0.16996,/content/drive/MyDrive/DIAFOLD/benchmark/PDB_final/9feq.cif,/content/drive/MyDrive/DIAFOLD/result/singleAlpha/PDB/9FEQ_1_Chain_A_wasCFP_crystallized_in_SG_P212121_Aequorea_victoria__6100__unrelaxed_rank_001_alphafold2_ptm_model_1_seed_000.pdb,225,253,131,5.98,0.397,0.33242,225,0.0921,0.1383,0.0731,PDB,9FEQ
PDB:9FES,PDB,0.180812,0.180812,/content/drive/MyDrive/DIAFOLD/benchmark/PDB_final/9fes.cif,/content/drive/MyDrive/DIAFOLD/result/singleAlpha/PDB/9FES_1_Chain_A_MCHERRY_Discosoma__86599__unrelaxed_rank_001_alphafold2_ptm_model_1_seed_000.pdb,219,271,136,5.85,0.426,0.36533,219,0.1425,0.1605,0.1107,PDB,9FES
PDB:9GLJ,PDB,0.118343,0.12426,/content/drive/MyDrive/DIAFOLD/benchmark/PDB_final/9glj.cif,/content/drive/MyDrive/DIAFOLD/result/singleAlpha/PDB/9GLJ_1_Chain_A_auth_AAA__Ubiquitin-fold_modifier-conjugating_enzyme_1_Homo_sapiens__9606__unrelaxed_rank_001_alphafold2_ptm_model_1_seed_000.pdb,165,169,102,5.38,0.108,0.35112,165,0.1526,0.1908,0.142,PDB,9GLJ
PDB:9GR8,PDB,0.412463,0.403561,/content/drive/MyDrive/DIAFOLD/benchmark/PDB_final/9gr8.cif,/content/drive/MyDrive/DIAFOLD/result/singleAlpha/PDB/9GR8_1_Chain_A_Inositol_hexakisphosphate_and_diphosphoinositol-pentakisphosphate_kinase_Saccharomyces_cerevisiae__4932__unrelaxed_rank_001_alphafold2_ptm_model_1_seed_000.pdb,337,337,153,7.11,0.17,0.25707,337,0.0704,0.1083,0.0712,PDB,9GR8
PDB:9HB2,PDB,0.419244,0.652921,/content/drive/MyDrive/DIAFOLD/benchmark/PDB_final/9hb2.cif,/content/drive/MyDrive/DIAFOLD/result/singleAlpha/PDB/9HB2_1_Chain_A_IgM_protease_Streptococcus_canis__1329__unrelaxed_rank_001_alphafold2_ptm_model_1_seed_000.pdb,291,291,140,5.56,0.464,0.30901,291,0.1223,0.1641,0.0988,PDB,9HB2
PDB:9J3G,PDB,0.117647,0.158568,/content/drive/MyDrive/DIAFOLD/benchmark/PDB_final/9j3g.cif,/content/drive/MyDrive/DIAFOLD/result/singleAlpha/PDB/9J3G_1_Chain_A_SmPolE_Streptomyces_sp._ms191__1827978__unrelaxed_rank_001_alphafold2_ptm_model_1_seed_000.pdb,369,391,245,6.78,0.363,0.40032,369,0.1729,0.2276,0.1458,PDB,9J3G
PDB:9JOC,PDB,0.241645,0.794344,/content/drive/MyDrive/DIAFOLD/benchmark/PDB_final/9joc.cif,/content/drive/MyDrive/DIAFOLD/result/singleAlpha/PDB/9JOC_1_Chain_A_endo-1.3-fucanase_Wenyingzhuangia_fucanilytica__1790137__unrelaxed_rank_001_alphafold2_ptm_model_1_seed_000.pdb,366,389,170,6.23,0.341,0.30668,366,0.0948,0.1272,0.0758,PDB,9JOC
PDB:9JOM,PDB,0.27665,0.890863,/content/drive/MyDrive/DIAFOLD/benchmark/PDB_final/9jom.cif,/content/drive/MyDrive/DIAFOLD/result/singleAlpha/PDB/9JOM_1_Chain_A_Glycoside-hydrolase_family_GH114_TIM-barrel_domain-containing_protein_Wenyingzhuangia_fucanilytica__1790137__unrelaxed_rank_001_alphafold2_ptm_model_1_seed_000.pdb,354,394,206,6.11,0.553,0.38437,354,0.1663,0.2062,0.1396,PDB,9JOM
PDB:9JOS,PDB,0.198044,0.787286,/content/drive/MyDrive/DIAFOLD/benchmark/PDB_final/9jos.cif,/content/drive/MyDrive/DIAFOLD/result/singleAlpha/PDB/9JOS_1_Chain_A_Glycoside-hydrolase_family_GH114_TIM-barrel_domain-containing_protein_Novipirellula_artificiosorum__2528016__unrelaxed_rank_001_alphafold2_ptm_model_1_seed_000.pdb,360,409,177,6.44,0.192,0.30106,360,0.0624,0.1137,0.0575,PDB,9JOS
PDB:9KX0,PDB,0.131687,0.144033,/content/drive/MyDrive/DIAFOLD/benchmark/PDB_final/9kx0.cif,/content/drive/MyDrive/DIAFOLD/result/singleAlpha/PDB/9KX0_1_Chain_A_cAMP_factor_Cutibacterium_acnes__1747__unrelaxed_rank_001_alphafold2_ptm_model_1_seed_000.pdb,224,243,111,4.89,0.595,0.34113,224,0.1741,0.2212,0.1656,PDB,9KX0
PDB:9MDO,PDB,0.264706,0.413866,/content/drive/MyDrive/DIAFOLD/benchmark/PDB_final/9mdo.cif,/content/drive/MyDrive/DIAFOLD/result/singleAlpha/PDB/9MDO_1_Chain_A_Bacterial_Ig-like_domain_protein_C0362_Treponema_denticola__158__unrelaxed_rank_001_alphafold2_ptm_model_1_seed_000.pdb,432,476,176,6.46,0.432,0.27321,432,0.1694,0.1765,0.1402,PDB,9MDO
PDB:9MYM,PDB,0.27234,0.87234,/content/drive/MyDrive/DIAFOLD/benchmark/PDB_final/9mym.cif,/content/drive/MyDrive/DIAFOLD/result/singleAlpha/PDB/9MYM_1_Chain_A_Izumo_sperm-egg_fusion_protein_1_Mus_musculus__10090__unrelaxed_rank_001_alphafold2_ptm_model_1_seed_000.pdb,235,235,110,4.06,0.709,0.35952,235,0.2303,0.2628,0.1755,PDB,9MYM
PDB:9OD9,PDB,0.319277,0.843373,/content/drive/MyDrive/DIAFOLD/benchmark/PDB_final/9od9.cif,/content/drive/MyDrive/DIAFOLD/result/singleAlpha/PDB/9OD9_1_Chain_A_Interleukin-18_Homo_sapiens__9606__unrelaxed_rank_001_alphafold2_ptm_model_1_seed_000.pdb,158,166,72,4.69,0.208,0.26578,158,0.0856,0.1355,0.0783,PDB,9OD9
